"","1","2","3","4","5","6","7","8","9","10","11","12","13","14","15","16","17","18","19","20","21","22","23","24"
"A","MTBL50001","MTBL50097","MTBL50009","MTBL50105","MTBL50017","MTBL50113","MTBL50025","MTBL50121","MTBL50033","MTBL50129","MTBL50041","MTBL50137","MTBL50049","MTBL50145","MTBL50057","MTBL50153","MTBL50065","MTBL50161","MTBL50073","MTBL50169","MTBL50081","MTBL50177","MTBL50089","MTBL50185"
"B","MTBL50289","MTBL50193","MTBL50297","MTBL50201","MTBL50305","MTBL50209","MTBL50313","MTBL50217","MTBL50321","MTBL50225","MTBL50329","MTBL50233","MTBL50337","MTBL50241","MTBL50345","MTBL50249","MTBL50353","MTBL50257","MTBL50361","MTBL50265","MTBL50369","MTBL50273","MTBL50377","MTBL50281"
"C","MTBL50002","MTBL50098","MTBL50010","MTBL50106","MTBL50018","MTBL50114","MTBL50026","MTBL50122","MTBL50034","MTBL50130","MTBL50042","MTBL50138","MTBL50050","MTBL50146","MTBL50058","MTBL50154","MTBL50066","MTBL50162","MTBL50074","MTBL50170","MTBL50082","MTBL50178","MTBL50090","MTBL50186"
"D","MTBL50290","MTBL50194","MTBL50298","MTBL50202","MTBL50306","MTBL50210","MTBL50314","MTBL50218","MTBL50322","MTBL50226","MTBL50330","MTBL50234","MTBL50338","MTBL50242","MTBL50346","MTBL50250","MTBL50354","MTBL50258","MTBL50362","MTBL50266","MTBL50370","MTBL50274","MTBL50378","MTBL50282"
"E","MTBL50003","MTBL50099","MTBL50011","MTBL50107","MTBL50019","MTBL50115","MTBL50027","MTBL50123","MTBL50035","MTBL50131","MTBL50043","MTBL50139","MTBL50051","MTBL50147","MTBL50059","MTBL50155","MTBL50067","MTBL50163","MTBL50075","MTBL50171","MTBL50083","MTBL50179","MTBL50091","MTBL50187"
"F","MTBL50291","MTBL50195","MTBL50299","MTBL50203","MTBL50307","MTBL50211","MTBL50315","MTBL50219","MTBL50323","MTBL50227","MTBL50331","MTBL50235","MTBL50339","MTBL50243","MTBL50347","MTBL50251","MTBL50355","MTBL50259","MTBL50363","MTBL50267","MTBL50371","MTBL50275","MTBL50379","MTBL50283"
"G","MTBL50004","MTBL50100","MTBL50012","MTBL50108","MTBL50020","MTBL50116","MTBL50028","MTBL50124","MTBL50036","MTBL50132","MTBL50044","MTBL50140","MTBL50052","MTBL50148","MTBL50060","MTBL50156","MTBL50068","MTBL50164","MTBL50076","MTBL50172","MTBL50084","MTBL50180","MTBL50092","MTBL50188"
"H","MTBL50292","MTBL50196","MTBL50300","MTBL50204","MTBL50308","MTBL50212","MTBL50316","MTBL50220","MTBL50324","MTBL50228","MTBL50332","MTBL50236","MTBL50340","MTBL50244","MTBL50348","MTBL50252","MTBL50356","MTBL50260","MTBL50364","MTBL50268","MTBL50372","MTBL50276","MTBL50380","MTBL50284"
"I","MTBL50005","MTBL50101","MTBL50013","MTBL50109","MTBL50021","MTBL50117","MTBL50029","MTBL50125","MTBL50037","MTBL50133","MTBL50045","MTBL50141","MTBL50053","MTBL50149","MTBL50061","MTBL50157","MTBL50069","MTBL50165","MTBL50077","MTBL50173","MTBL50085","MTBL50181","MTBL50093","MTBL50189"
"J","MTBL50293","MTBL50197","MTBL50301","MTBL50205","MTBL50309","MTBL50213","MTBL50317","MTBL50221","MTBL50325","MTBL50229","MTBL50333","MTBL50237","MTBL50341","MTBL50245","MTBL50349","MTBL50253","MTBL50357","MTBL50261","MTBL50365","MTBL50269","MTBL50373","MTBL50277","MTBL50381","MTBL50285"
"K","MTBL50006","MTBL50102","MTBL50014","MTBL50110","MTBL50022","MTBL50118","MTBL50030","MTBL50126","MTBL50038","MTBL50134","MTBL50046","MTBL50142","MTBL50054","MTBL50150","MTBL50062","MTBL50158","MTBL50070","MTBL50166","MTBL50078","MTBL50174","MTBL50086","MTBL50182","MTBL50094","MTBL50190"
"L","MTBL50294","MTBL50198","MTBL50302","MTBL50206","MTBL50310","MTBL50214","MTBL50318","MTBL50222","MTBL50326","MTBL50230","MTBL50334","MTBL50238","MTBL50342","MTBL50246","MTBL50350","MTBL50254","MTBL50358","MTBL50262","MTBL50366","MTBL50270","MTBL50374","MTBL50278","MTBL50382","MTBL50286"
"M","MTBL50007","MTBL50103","MTBL50015","MTBL50111","MTBL50023","MTBL50119","MTBL50031","MTBL50127","MTBL50039","MTBL50135","MTBL50047","MTBL50143","MTBL50055","MTBL50151","MTBL50063","MTBL50159","MTBL50071","MTBL50167","MTBL50079","MTBL50175","MTBL50087","MTBL50183","MTBL50095","MTBL50191"
"N","MTBL50295","MTBL50199","MTBL50303","MTBL50207","MTBL50311","MTBL50215","MTBL50319","MTBL50223","MTBL50327","MTBL50231","MTBL50335","MTBL50239","MTBL50343","MTBL50247","MTBL50351","MTBL50255","MTBL50359","MTBL50263","MTBL50367","MTBL50271","MTBL50375","MTBL50279","MTBL50383","MTBL50287"
"O","MTBL50008","MTBL50104","MTBL50016","MTBL50112","MTBL50024","MTBL50120","MTBL50032","MTBL50128","MTBL50040","MTBL50136","MTBL50048","MTBL50144","MTBL50056","MTBL50152","MTBL50064","MTBL50160","MTBL50072","MTBL50168","MTBL50080","MTBL50176","MTBL50088","MTBL50184","MTBL50096","MTBL50192"
"P","MTBL50296","MTBL50200","MTBL50304","MTBL50208","MTBL50312","MTBL50216","MTBL50320","MTBL50224","MTBL50328","MTBL50232","MTBL50336","MTBL50240","MTBL50344","MTBL50248","MTBL50352","MTBL50256","MTBL50360","MTBL50264","MTBL50368","MTBL50272","MTBL50376","MTBL50280","MTBL50384","MTBL50288"
